"Abrazos Family Support Services

"	412 Camino Don Tomas, Bernalillo, NM 87004	(505) 867-3396
Alta Mira Specialized Family Services	1605 Carlisle Blvd NE, Albuquerque, NM 87110	(505) 262-0801
Amplified Therapy	"901 S Gold Ave
Deming, NM 88030"	(575) 936‑4350
Amplified Therapy	709 High Street, Lordsburg, NM 88045	(575) 542-8801
Amplified Therapy	215 S. Silver Avenue, Deming, NM 88030	(575) 545?8200
Aprendamos Intervention Team	301 Perkins Suite B, Las Cruces, NM 88005	(575) 526-6682
Bilingual Multicultural Services (BMSI)	2920 Carlisle Blvd NE, Albuquerque, NM 87110	(505) 883?5979
"Bilingual Multicultural Services (BMSI)

"	5200 Copper Ave NE, Albuquerque, NM 87108	(505) 266?5557
CARC, Inc.	902 W. Cherry Lane, Carlsbad, NM 88220	(575) 887?1570
CARC, Inc.	1209 Hermosa Dr., Artesia, NM 88210	(575) 887-2272
ENMRSH	1601 S. Avenue D, Portales, NM 88130	(575) 359-0180
ENMRSH, INC.	"201 E. Llano Estacado Blvd  
Clovis, NM 88101"	(575) 762-3718
ENMRSH, Inc.	2700 East 7th Street, Clovis, NM 88101	(575) 762-3718
"Eight Northern Indian Pueblos Council (ENIPC)

"	327 Eagle Drive, Ohkay Owingeh, NM 87566	(505) 747-1593
Growing in Beauty   Crownpoint	Highway 371 & Navajo Route 9, Crownpoint, NM 87313	(505) 786-6401
"Growing in Beauty – Navajo Nation

"	Hwy 491 North, Shiprock, NM 87420	(505) 368-1260
"Growing in Beauty – Navajo Nation

"	300 West Nizhoni Blvd, Gallup, NM 87301	(505) 722?4391
"Growing in Beauty – Tohatchi

"	Tohatchi Health Center, Tohatchi, NM 87325	(505) 733?8100
Growing in Beauty-Crownpoint Service Unit	Crownpoint Service Unit	(505) 368-6001
Holy Cross Hospital ? Early Intervention Program	1397 Weimer Road, Taos, NM 87571	(575) 758-8711
Inspirations Early Intervention	500 Central Ave SE, Albuquerque, NM 87102	(505) 312-7296
Inspirations Early Intervention	8650 Alameda Blvd NE Suite 201E, Albuquerque, NM 87122	(505) 821?9930
Jemez Pueblo Early Childhood Program	51 Jemez Pueblo Plaza, Jemez Pueblo, NM 87024	(575) 834?1001
La Clinica de Familia   Chaparral	317 McCombs Road, Chaparral, NM 88081	(575) 824?1000
La Clinica de Familia   Early Intervention	385 Calle de Alegra, Las Cruces, NM 88005	(575) 541?5941
"La Clínica de Familia – Las Cruces East

"	575 S. Alameda Blvd, Las Cruces, NM 88005	(575) 541?5941
"La Clínica de Familia – Sunland Park

"	1210 McNutt Road, Sunland Park, NM 88063	(575) 589?9861
La Cl�nica de Familia � Anthony	2300 Antonio Street, Anthony, NM 88021	(575) 882?0933
La Vida Felicidad	833 Roosevelt Ave, Grants, NM 87020	(505) 287?5118
"La Vida Felicidad – Los Lunas

"	530 Sun Ranch Village Loop, Los Lunas, NM 87031	(505) 565?1614
Las Cumbres Community Services	404 Hunter Street, Española, NM 87532	(505) 753?4123
Las Cumbres Community Services	805 Early Street, Suite 101, Santa Fe, NM 87505	(505) 955?0410
LifeROOTS	1111 Menaul Blvd NE, Albuquerque, NM 87107	(505) 255?5501
"Los Alamos Public Schools – First Born Program

"	1900 Diamond Drive, Los Alamos, NM 87544	(505) 663?3239
MECA Therapies	228 E. Navajo Drive Suite 200 E, Hobbs, NM 88240	(575) 964?2253
MECA Therapies	2000 W. 21st Street Suite A?1, Clovis, NM 88101	(575) 763?9517
MECA Therapies	1600 S. Second Street, Raton, NM 87740	(575) 445?5121
MECA Therapies	2325 Nevada Ave	575-527-4901
MECA Therapies	2919 Hillrise Drive, Las Cruces, NM 88011	(575) 522?9500
Native American Professional Parent Resources (NAPPR)	4105 Silver Ave SE, Albuquerque, NM 87108	(505) 345?6289
PB&J Family Services	1101 Lopez SW, Albuquerque, NM 87105	(505) 877?7060
Pine Hill Early Intervention Program	Rt. 125, Pine Hill School Campus, Pine Hill, NM 87357	(505) 775?3500 ext. 2412
Presbyterian Ear Institute	415 Cedar St SE Suite 1, Albuquerque, NM 87106	(505) 224?7020
Presbyterian Medical Services	1105 Memorial Drive, Artesia, NM 88210	(575)-746-9848
Presbyterian Medical Services	421 Parker Avenue, Santa Rosa, NM 88435	(505) 472?5743
Presbyterian Medical Services	111 N. Summit Avenue, Mountainair, NM 87036	(505) 847?2273
Presbyterian Medical Services	1001 West Broadway Avenue, Farmington, NM 87401	505-327-4796
Presbyterian Medical Services	100 South 2nd Street, Clayton, NM 88415	(575) 374?8300
Presbyterian Medical Services   Belen	120 S. 9th Street, Belen, NM 87002	(505) 864?4080
Presbyterian Medical Services   Espa ola	2010 Industrial Park Road, Espa ola, NM 87532	(505) 753?7395
Presbyterian Medical Services   Lordsburg	530 De Moss Street, Lordsburg, NM 88045	(575) 542?8384
Presbyterian Medical Services   Raton Satellite	230 E. 4th Avenue, Raton, NM 87740	(575) 445?8252
Presbyterian Medical Services   Ruidoso	1130 Highway 48, Ruidoso, NM 88345	(575) 257?3363
Presbyterian Medical Services   Santa Fe	2960 Rodeo Park Drive West, Santa Fe, NM 87505	(505) 986?9433
Presbyterian Medical Services   Tucumcari	402 E. Miel de Luna Avenue, Tucumcari, NM 88401	(575) 461?3828
"Presbyterian Medical Services – Bloomfield

"	915 N. 1st Street, Bloomfield, NM 87413	(505) 632?2013
"Presbyterian Medical Services – Carlsbad

"	914 N. Canal Street, Carlsbad, NM 88220	(575) 887?3413
"Presbyterian Medical Services – Deming

"	901 S. Gold Avenue, Deming, NM 88030	(575) 546?4663
"Presbyterian Medical Services – Gallup

"	520 Highway 491, Gallup, NM 87301	(505) 863?3828
"Presbyterian Medical Services – Rio Rancho

"	184 Unser Blvd NE, Rio Rancho, NM 87124	(505) 896?0928
Region IX Education Cooperative	116 Sudderth Drive, Ruidoso, NM 88345	(575) 257?2368
San Felipe Pueblo Early Childhood Program	13 Hagen Road, San Felipe Pueblo, NM 87001	(505) 771?2290
"Socorro General Hospital – Early Intervention Program

"	1202 Highway 60 West, Socorro, NM 87801	(575) 835?1140
Taos Pueblo Early Childhood Program	220 Rotten Tree Road, Taos Pueblo, NM 87571	(575) 758?5819
"Tewa Women United – Family Support Program

"	912 Calle de las Casas, Española, NM 87532	(505) 747?3259
The Children’s Workshop (CDD)	230 E. 4th Ave, Raton, NM 87740	(575) 445‑3520 ext. 203
Tresco TOTS	908 N. Date Street, Truth or Consequences, NM 87901	(575) 894?6972
Tresco TOTS	2325 Nevada Ave, Las Cruces, NM 88004	(575) 527?4901
Tresco TOTS   Alamogordo	204 Calle del Sol, Alamogordo, NM 88310	(575) 532?1756
Tresco TOTS   Truth or Consequences	908 N. Date Street, Truth or Consequences, NM 87901	(575) 894?6808
Tresco TOTS (Tresco Children’s Services)	"1800 Copper Loop, Building 2  
Las Cruces, NM 88005"	(575) 527‑4900
UNM CDD Early Childhood Services	100 South 2nd Street, Clayton, NM 88415	(575) 374?8300
UNM CDD Early Childhood Services	1110 Route 66, Moriarty, NM 87035	(505) 832?6782
UNM CDD Early Childhood Services	214 N. Black Street, Silver City, NM 88061	(575) 538?2921
UNM CDD Early Childhood Services   Carlsbad	1306 W. Stevens Street, Carlsbad, NM 88220	(575) 887?3413
UNM CDD Early Childhood Services   Hobbs	1923 N. Dal Paso Street, Hobbs, NM 88240	(575) 397?3413
UNM CDD Early Childhood Services   Las Vegas	18 Gallegos Road, Las Vegas, NM 87701	(505) 425?7877
UNM CDD Early Childhood Services   Roswell	200 E. Chisum Street, Roswell, NM 88203	(575) 624?7294
"UNM CDD Early Childhood Services – Española Satellite

"	912 Calle de las Casas, Espa ola, NM 87532	(505) 747?3259
"UNM CDD Early Childhood Services – Farmington

"	"608 Reilly Avenue  
Farmington, NM 87401"	505-566-5867
"UNM CDD Early Childhood Services – Gallup

"	1900 E. Aztec Avenue, Gallup, NM 87301	(505) 722?4391
"UNM CDD Early Childhood Services – Los Lunas

"	750 Morris Road, Los Lunas, NM 87031	(505) 925?2350
"UNM CDD Early Childhood Services – Raton

"	230 E. 4th Avenue, Raton, NM 87740	(575) 445?8252
"UNM CDD Early Childhood Services – Rio Rancho

"	4351 Jager Drive NE Suite B, Rio Rancho, NM 87144	(505) 272?9333
"UNM CDD Early Childhood Services – Santa Fe

"	2055 S. Pacheco Street Suite 400, Santa Fe, NM 87505	(505) 476?8973
UNM CDD Early Childhood Services – Silver City	"1622 East Pine Street  
Silver City, NM 88061"	(575) 538‑5314
UNM CDD Early Childhood Services – Taos	1399 Weimer Road, Taos, NM 87571	(575) 758?4274
UNM CDD Early Childhood Services � Clayton Outreach	100 South 2nd Street, Clayton, NM 88415	(575) 374?8300
UNM CDD Early Childhood Services � Clayton Satellite	100 South 2nd Street, Clayton, NM 88415	(575) 374?8300
UNM CDD FOCUS Program	2300 Menaul Blvd NE, Albuquerque, NM 87107	(505) 272?9912
Ute Mountain Ute Tribe Early Childhood Program	283 Sunset Blvd, Towaoc, CO 81334	(970) 565?3751
Zia Therapy Center	900 First Street, Alamogordo, NM 88310	(575) 439-4900
Zia Therapy Center	900 First Street	575-439-4900
Zuni Pueblo Early Childhood Program	12 Chimoni Drive, Zuni Pueblo, NM 87327	(505) 782?4441
Zuni Pueblo Early Childhood Program	1203B Highway 53, Zuni, NM 87327	(505) 782?4463  ,
  {
    "name": "Growing in Beauty – Crownpoint",
    "address": "Highway 371 & Navajo Route 9, Crownpoint, NM 87313",
    "phone": "(505) 786-6401",
    "counties_served": [],
    "programs": ["FIT"]
  },
  {
    "name": "Growing in Beauty – Navajo Nation",
    "address": "Hwy 491 North, Shiprock, NM 87420",
    "phone": "(505) 368-1260",
    "counties_served": [],
    "programs": ["FIT"]
  },
  {
    "name": "Growing in Beauty – Navajo Nation",
    "address": "300 West Nizhoni Blvd, Gallup, NM 87301",
    "phone": "(505) 722-4391",
    "counties_served": [],
    "programs": ["FIT"]
  },
  {
    "name": "Growing in Beauty – Tohatchi",
    "address": "Tohatchi Health Center, Tohatchi, NM 87325",
    "phone": "(505) 733-8100",
    "counties_served": [],
    "programs": ["FIT"]
  },
  {
    "name": "Growing in Beauty – Crownpoint Service Unit",
    "address": "Crownpoint Service Unit",
    "phone": "(505) 368-6001",
    "counties_served": [],
    "programs": ["FIT"]
  },
  {
    "name": "Holy Cross Hospital – Early Intervention Program",
    "address": "1397 Weimer Road, Taos, NM 87571",
    "phone": "(575) 758-8711",
    "counties_served": [],
    "programs": ["FIT"]
  },
  {
    "name": "Inspirations Early Intervention",
    "address": "500 Central Ave SE, Albuquerque, NM 87102",
    "phone": "(505) 312-7296",
    "counties_served": [],
    "programs": ["FIT"]
  },
  {
    "name": "Inspirations Early Intervention",
    "address": "8650 Alameda Blvd NE Suite 201E, Albuquerque, NM 87122",
    "phone": "(505) 821-9930",
    "counties_served": [],
    "programs": ["FIT"]
  },
  {
    "name": "Jemez Pueblo Early Childhood Program",
    "address": "51 Jemez Pueblo Plaza, Jemez Pueblo, NM 87024",
    "phone": "(575) 834-1001",
    "counties_served": [],
    "programs": ["FIT"]
  },
  {
    "name": "La Clinica de Familia – Chaparral",
    "address": "317 McCombs Road, Chaparral, NM 88081",
    "phone": "(575) 824-1000",
    "counties_served": [],
    "programs": ["FIT"]
  },
  {
    "name": "La Clinica de Familia – Early Intervention",
    "address": "385 Calle de Alegra, Las Cruces, NM 88005",
    "phone": "(575) 541-5941",
    "counties_served": [],
    "programs": ["FIT"]
  },
  {
    "name": "La Clínica de Familia – Las Cruces East",
    "address": "575 S. Alameda Blvd, Las Cruces, NM 88005",
    "phone": "(575) 541-5941",
    "counties_served": [],
    "programs": ["FIT"]
  },
  {
    "name": "La Clínica de Familia – Sunland Park",
    "address": "1210 McNutt Road, Sunland Park, NM 88063",
    "phone": "(575) 589-9861",
    "counties_served": [],
    "programs": ["FIT"]
  },
  {
    "name": "La Clínica de Familia – Anthony",
    "address": "2300 Antonio Street, Anthony, NM 88021",
    "phone": "(575) 882-0933",
    "counties_served": [],
    "programs": ["FIT"]
  }
  ,
  {
    "name": "La Vida Felicidad",
    "address": "833 Roosevelt Ave, Grants, NM 87020",
    "phone": "(505) 287-5118",
    "counties_served": [],
    "programs": ["FIT"]
  },
  {
    "name": "La Vida Felicidad – Los Lunas",
    "address": "530 Sun Ranch Village Loop, Los Lunas, NM 87031",
    "phone": "(505) 565-1614",
    "counties_served": [],
    "programs": ["FIT"]
  },
  {
    "name": "Las Cumbres Community Services",
    "address": "404 Hunter Street, Española, NM 87532",
    "phone": "(505) 753-4123",
    "counties_served": [],
    "programs": ["FIT"]
  },
  {
    "name": "Las Cumbres Community Services",
    "address": "805 Early Street, Suite 101, Santa Fe, NM 87505",
    "phone": "(505) 955-0410",
    "counties_served": [],
    "programs": ["FIT"]
  },
  {
    "name": "LifeROOTS",
    "address": "1111 Menaul Blvd NE, Albuquerque, NM 87107",
    "phone": "(505) 255-5501",
    "counties_served": [],
    "programs": ["FIT"]
  },
  {
    "name": "Los Alamos Public Schools – First Born Program",
    "address": "1900 Diamond Drive, Los Alamos, NM 87544",
    "phone": "(505) 663-3239",
    "counties_served": [],
    "programs": ["FIT"]
  },
  {
    "name": "MECA Therapies",
    "address": "228 E. Navajo Drive Suite 200 E, Hobbs, NM 88240",
    "phone": "(575) 964-2253",
    "counties_served": [],
    "programs": ["FIT"]
  },
  {
    "name": "MECA Therapies",
    "address": "2000 W. 21st Street Suite A-1, Clovis, NM 88101",
    "phone": "(575) 763-9517",
    "counties_served": [],
    "programs": ["FIT"]
  },
  {
    "name": "MECA Therapies",
    "address": "1600 S. Second Street, Raton, NM 87740",
    "phone": "(575) 445-5121",
    "counties_served": [],
    "programs": ["FIT"]
  },
  {
    "name": "MECA Therap